Train_Station,Street_Name,Street_Type,Entrance_Type,LAT,LONG,Exit_Number
Aberdeen,Macqueen,St,Ramp,-32.16688641,150.8919573,
Adamstown,Park,Ave,Path,-32.9337056,151.7204518,
Albion Park,Burroo,St,Ramp,-34.56340933,150.79939,
Allawah,Roberts,Lane,Stairs,-33.96949011,151.1145667,
Arlington LR,Constitution,Rd,Path,-33.9020497,151.1380434,
Arncliffe,Firth,St,Lift,-33.93677457,151.1468602,
Artarmon,Valetta,Lane,Ramp,-33.80823377,151.1847419,
Ashfield,Brown,St,Lift,-33.88789161,151.1257974,
Asquith,Haldane,St,Path,-33.68869132,151.1082656,
Auburn,South,Pde,Stairs,-33.849663,151.0329192,
Austinmer,Railway,Ave,Path,-34.30650136,150.9289071,
Awaba,Adelaide,St,Ramp,-33.0129167,151.5421589,
Banksia,Railway,St,Stairs,-33.94488347,151.1404482,
Bankstown,North,Tce,Ramp,-33.91768635,151.0342697,
Bardwell Park,Hartill Law,Ave,Stairs,-33.93137824,151.125379,
Bargo,Great Southern,Rd,Path,-34.29097858,150.5801756,
Beecroft,Sutherland,Rd,Path,-33.74921627,151.0667339,
Bell,Sandham ,Rd,Ramp,-33.5061656,150.2793612,
Bella Vista,Mawson Ave - South,<Null>,Lift,-33.73118266,150.9442965,
Bellambi,Bellambi,Lane,Ramp,-34.36261281,150.9101311,
Belmore,Burwood,Rd,Lift,-33.91724884,151.0883372,
Berala,Campbell,St,Path,-33.8719773,151.0328288,
Beresfield,Addison,St,Lift,-32.79947121,151.6581617,
Berowra,Pacific,Hwy,Ramp,-33.62300205,151.1531421,
Berry,Station,Rd,Path,-34.78027342,150.6967235,
Beverly Hills,King Georges,Rd,Stairs,-33.94926254,151.0804784,
Bexley North,Bexley,Rd,Stairs,-33.9374812,151.1139261,
Birrong,Avalon,St,Stairs,-33.89253644,151.0243134,
Blackheath,Station,St,Stairs,-33.63400546,150.2842535,
Blacktown,First,Ave,Stairs,-33.7677336,150.9079689,3
Blaxland,Wilson,Way,Lift,-33.74369934,150.6099627,
Bomaderry,Meroo,St,Path,-34.85374494,150.6097702,
Bombo,Princes,Hwy,Stairs,-34.65868669,150.8537686,
Bondi Junction,Grafton,St,Stairs,-33.89103017,151.2485965,
Booragul,Fourth,St,Ramp,-32.97169903,151.605168,
Bowral,Wingercarribee,St,Lift,-34.47837068,150.4165765,
Branxton,Railway,St,Ramp,-32.66221027,151.3459324,
Bridge Street LR,George,St,Path,-33.86378327,151.2075021,
Broadmeadow,Brown,Rd,Stairs,-32.92236891,151.7349462,
Bullaburra,Great Western,Hwy,Ramp,-33.72351988,150.4152013,
Bulli,Franklin,Ave,Path,-34.33428666,150.9149143,
Bundanoon,Church,St,Path,-34.65604988,150.2995728,
Burradoo,Burradoo,Rd,Path,-34.49418601,150.3981296,
Burwood,Burwood,Rd,Stairs,-33.87704552,151.1038525,
Cabramatta,Railway,Pde,Ramp,-33.89494229,150.9387321,
Camellia,Grand,Ave,Ramp,-33.81918103,151.024141,
Campbelltown,Farrow,Rd,Stairs,-34.06302424,150.8144097,
Campsie,Beamish,St,Ramp,-33.91039285,151.1035577,
Canley Vale,Railway,Pde,Ramp,-33.88734662,150.9434198,
Canterbury,Canterbury,Rd,Path,-33.9121163,151.1190137,
Capitol Square LR,Hay,St,Path,-33.87970841,151.2055584,
Cardiff,Main,Rd,Path,-32.9412794,151.6628198,
Caringbah,Kingsway,,Stairs,-34.04157881,151.121856,
Carlingford,Lloyds,Ave,Ramp,-33.78270924,151.046786,
Carlton,Carlton,Pde,Lift,-33.96801021,151.1243905,
Carramar,Carramar,Ave,Path,-33.88431636,150.9605645,
Castle Hill,Old Castle Hill,,Escalators,-33.73165908,151.0071861,
Casula,Casula,Rd,Stairs,-33.95004957,150.9121379,
Central,Pitt,St,Path,-33.88236674,151.2058136,1
Central Chalmers Street LR,Chalmers,St,Path,-33.88389566,151.2079578,
Chatswood,Railway,St,Lift,-33.79689881,151.1807121,
Cheltenham,Cheltenham,Rd,Lift,-33.75543909,151.0781092,
Cherrybrook,Bradfield,Pde,Lift,-33.73663239,151.0320313,1
Chester Hil,Chester Hill,Rd,Path,-33.88368818,151.0004627,
Chinatown LR,George,St,Path,-33.87824087,151.2055617,
Circular Quay,Alfred,St,Escalators,-33.86125995,151.2105656,
Circular Quay LR,Alfred,St,Path,-33.86157037,151.2105169,
Clarendon,Racecource,Rd,Ramp,-33.60859421,150.7877637,
Clyde,Factory,St,Ramp,-33.83606198,151.0165639,2
Coalcliff,Lawrence Hargrave ,Dr,Stairs,-34.24253571,150.977052,
Cockle Creek,Creek Reserve,Rd,Path,-32.94287548,151.6238126,
Coledale,Cater,St,Stairs,-34.28989285,150.943031,
Como,Como,Pde,Ramp,-34.00447157,151.0676891,
Concord West,King,St,Lift,-33.84808986,151.0851995,
Coniston,Gladsone,Ave,Ramp,-34.43796566,150.884845,
Convention Centre LR,Darling,Dr,Ramp,-33.87286403,151.1981517,
Corrimal,Duff,Pde,Path,-34.37549456,150.9051489,
Cowan,Pacific,Hwy,Ramp,-33.5937893,151.1715651,
Cringila,Five Island,Rd,Stairs,-34.46737362,150.8782723,
Cronulla,Cronulla,St,Path,-34.05684046,151.1517217,
Croydon,Paisley,Rd,Stairs,-33.8831857,151.1150828,
Dapto,Staiton,St,Path,-34.49307785,150.7918339,
Denistone,Gordon,Cres,Path,-33.79951928,151.0867539,
Domestic,Keith Smith,Ave,Lift,-33.93398698,151.1800496,
Doonside,School,Pde,Ramp,-33.76401541,150.8692816,
Dora Creek,Newport,Rd,Stairs,-33.08402158,151.500698,
Douglas Park,Camden,Rd,Path,-34.18330344,150.7105388,
Dulwich Grove LR,New Canterbury,Rd,Lift,-33.9047721,151.1389753,
Dulwich Hill,Wardell,Rd,Stairs,-33.91105837,151.1411463,
Dulwich Hill LR,Bedford,Cres,Lift,-33.9106266,151.1405558,
Dundas,Station,St,Path,-33.80402698,151.0331103,
Dungog,Brown,St,Stairs,-32.40249309,151.759251,
East Hills,Park,Rd,Ramp,-33.96157358,150.9844493,
East Maitland,Melbourne,St,Stairs,-32.74457268,151.5874741,
East Richmond,Bourke,St,Stairs,-33.6017457,150.7587291,
Eastwood,West,Pde,Path,-33.79014802,151.0819726,
Edgecliff,New South Head,Rd,Path,-33.87893677,151.236154,
Edmondson Park,Soliders,Pde,Lift,-33.96930476,150.8588642,
Emu Plains,Old Bathurst,Rd,Lift,-33.74582701,150.6713326,
Engadine,Princes,Hwy,Ramp,-34.06719539,151.0147353,
Epping,Langston,Pl,Path,-33.77254801,151.0822785,
Ersineville,Erskineville,Rd,Path,-33.90005302,151.1855565,
Exeter,Ringwood,Rd,Path,-34.61346677,150.3177998,
Exhibition Centre LR,Darling,Dr,Ramp,-33.87677819,151.1994751,
Fairfield,Dale,St,Path,-33.87255271,150.957049,
Fairy Meadow,Elliotts,Rd,Stairs,-34.39505996,150.8964522,
Fassifern,Tucker,Cl,Ramp,-32.98557663,151.5808417,
Faulconbridge,Great Western,Hwy,Stairs,-33.69678014,150.5349261,
Fish Market LR,Miller,St,Path,-33.87046367,151.1921783,
Flemington,The Crescent,,Stairs,-33.86515478,151.0706765,
Gerringong,Belinda,St,Ramp,-34.74477882,150.8176504,
Glebe LR,Bayview,St,Ramp,-33.87729496,151.187253,
Glenbrook,Burfitt,Pde,Ramp,-33.76902646,150.6212638,
Glenfield,Railway,Pde,Lift,-33.97228674,150.8932557,
Gordon,Werona,Ave,Ramp,-33.75535054,151.154396,
Gosford,Burns,Cres,Stairs,-33.42348165,151.341911,
Goulburn,Sloane,St,Path,-34.75901982,149.7205882,
Granville,Memorial,Dr,Ramp,-33.83290042,151.0114055,
Green Square,Botany,Rd,Stairs,-33.90581837,151.2030314,
Greta,Nelson,St,Ramp,-32.68678796,151.384282,
Guildford,Railway,Tce,Stairs,-33.85444912,150.9845955,
Gymea,Gymea Bay,Rd,Lift,-34.03490791,151.0852082,
Hamilton,Beaumont ,St,Stairs,-32.91802537,151.7485113,
Harris Park,Station W,St,Stairs,-33.82326239,151.0074636,
Hawkesbury River,Danger,Rd,Stairs,-33.54710145,151.2265988,
Hawthorne LR,Darley,Rd,Path,-33.87958216,151.1475502,
Haymarket LR,Rawson,Pl,Path,-33.88152096,151.2058044,
Hazelbrook,Railway,Pde,Path,-33.72367342,150.4539673,
Heathcote,Wilson,Pde,Ramp,-34.08793975,151.0084144,
Helensburgh,Tunnel,Rd,Stairs,-34.17714736,150.9940859,
Hexham,Maitland ,Rd,Stairs,-32.8287522,151.68432,
High Street,High,St,Stairs,-32.7413273,151.5644242,
Hilldale,Hilldale,Rd,Ramp,-32.50448435,151.649805,
Hills Showground,Doran,Dr,Lift,-33.72797926,150.9868165,
Holsworthy,The Boulevarde,,Ramp,-33.96297936,150.9564564,
Homebush,The Crescent,,Ramp,-33.866968,151.0861075,
Hornsby,Hunter,Lane,Ramp,-33.703839,151.099774,
Hurlstone Park,Duntroon,St,Path,-33.91018981,151.1325419,
Hurstville,Forest,Rd,Ramp,-33.96651714,151.1019021,
Ingleburn,Stanley,Rd,Ramp,-33.99742169,150.8643133,
International,Departure,Plza,Escalators,-33.93518102,151.166541,
Jannali,Mitchell,Ave,Ramp,-34.01599453,151.0643704,
John Street Square LR,Harvey,St,Stairs,-33.86716237,151.192075,
Jubilee Park LR,Chapman,Rd,Ramp,-33.87556013,151.1783683,
Katoomba,Goldsmith,Pl,Ramp,-33.71194806,150.3121686,
Kellyville,Gurragurra,St,Lift,-33.71321913,150.935033,
Kembla Grange,West Dapto,,Ramp,-34.47012644,150.8177961,
Kiama,Railway,Pde,Path,-34.67259919,150.8543663,
Killara,Werona,Ave,Stairs,-33.76569485,151.1620999,
Kings Cross,Victoria,St,Lift,-33.87426901,151.2222047,
Kingsgrove,Kingsgrove,Rd,Stairs,-33.94037591,151.1010846,
Kingswood,Great Western ,Hwy,Stairs,-33.75836745,150.720071,
Kirrawee,Oak,Rd,Path,-34.03491126,151.0710203,
Kogarah,Regent,St,Lift,-33.9627467,151.1326877,
Koolewong,Glenrock,Pde,Stairs,-33.46613312,151.3184763,
Kotara,Kotara,Pl,Ramp,-32.94136917,151.6974634,
Lakemba,Railway,Pde,Stairs,-33.919759,151.0761338,
Lapstone,Explorers,Rd,Stairs,-33.77355931,150.6426108,
Lawson,Great Western,Hwy,Ramp,-33.71943599,150.4294992,
Leichhardt North LR,James,St,Lift,-33.87498002,151.1550356,
Leightonfield,Monier,Sq,Ramp,-33.88189412,150.9851028,
Leppingon,Rickard,Rd,Stairs,-33.95443956,150.8082668,
Leumeah,O'Sullivan,Rd,Ramp,-34.05102916,150.8304338,
Leura,Railway,Pde,Stairs,-33.71212061,150.3311289,
Lewisham,Thomas ,St,Stairs,-33.8931095,151.1475983,
Lewisham West LR,Smith,St,Path,-33.8937862,151.1433429,
Lidcombe,Church,St,Stairs,-33.86338085,151.0445549,
Lilyfield LR,Catherine ,St,Ramp,-33.87419537,151.1648238,
Linden,Burke,Rd,Stairs,-33.71474436,150.5043663,
Lindfield,Lindfield,Ave,Stairs,-33.77565442,151.1695097,
Lisarow,Pacific,Hwy,Stairs,-33.38218451,151.3701793,
Lithgow,Railway,Pde,Path,-33.48051667,150.1567066,
Liverpool,Biggs,St,Lift,-33.92438493,150.9269976,
Lochinvar,Station,Lane,Ramp,-32.72039462,151.4504811,
Loftus,Pitt,St,Ramp,-34.04499976,151.0513888,
Lysaghts,Recycling,Rd,Stairs,-34.4548118,150.8752141,
Macarthur,Menangle ,Rd,Stairs,-34.0722662,150.7970753,
Macdonaldtown,Burren,St,Stairs,-33.89679186,151.1853862,
Macquarie Fields,Railway,Pde,Ramp,-33.98496652,150.8789376,
Macquarie Park,Lane Cove,Rd,Lift,-33.78539513,151.1284747,
Macquarie University,Herring,Rd,Lift,-33.77716806,151.1180933,
Maitland,Station,St,Path,-32.73774765,151.552236,
Marayong,Harvey,Rd,Stairs,-33.74622068,150.9003117,
Marion LR,Marion,St,Path,-33.8839155,151.1449963,
Marrickville,Illawarra,Rd,Stairs,-33.91375714,151.1532248,
Martin Place,Phillip,St,Lift,-33.8677258,151.211419,4
Martins Creek,Grace,Ave,Ramp,-32.55848164,151.618412,
Marulan,Railway,Pde,Path,-34.70959939,150.0056691,
Mascot,Bourke,St,Stairs,-33.92315955,151.1873924,
Meadowbank,Bank,St,Ramp,-33.81555584,151.089916,
Medlow Bath,Great Western,Hwy,Stairs,-33.67295305,150.2803919,
Menangle,Stevens,Rd,Path,-34.12585573,150.7440669,
Menangle Park,Racecourse,Rd,Ramp,-34.10338507,150.7449509,
Merrylands,Railway,Tce,Ramp,-33.83669532,150.9926698,
Metford,McCubbin ,Cl,Lift,-32.76536099,151.6181329,
Milsons Point,Ennis,Rd,Ramp,-33.84579562,151.212403,
Mindaribba,Tocal,Rd,Ramp,-32.66835055,151.5845537,
Minnamurra,North,St,Ramp,-34.62633044,150.8530098,
Minto,Minto,Rd,Stairs,-34.02750455,150.8426006,
Miranda,Kiora,Rd,Stairs,-34.036075,151.1019708,
Mittagong,Regent,St,Stairs,-34.45240354,150.4483624,
Moore Park LR,Anzac,Pde,Stairs,-33.89342778,151.2210603,
Morisset,Macquarie,St,Lift,-33.10903664,151.4882907,
Mortdale,Cook,Lane,Stairs,-33.97116587,151.0808093,
Moss Vale,Argyle,St,Path,-34.54838916,150.372103,
Mount Colah,Pacific,Hwy,Stairs,-33.67129214,151.1150982,
Mount Druitt,Beames,Ave,Lift,-33.76977783,150.8201693,
Mount Kurring-gai,Harwood,Ave,Stairs,-33.65382765,151.1370126,
Mount Victoria,Station,St,Stairs,-33.58817529,150.256825,
Mulgrave,Mulgrave,Rd,Ramp,-33.62649899,150.8298983,
Museum,Elizabeth,St,Stairs,-33.87493423,151.2098618,
Muswellbrook,Market,St,Stairs,-32.26758584,150.8908038,
Narara,Narara Valley,Dr,Stairs,-33.39459444,151.3444334,
Narwee,Hurst,Pl,Path,-33.94783139,151.0706442,
Newcastle Interchange,Charles,St,Path,-32.9239171,151.7593884,
Newtown,King,St,Ramp,-33.89787696,151.1788814,
Niagara Park,Kathleen Morreau,Rd,Stairs,-33.38322824,151.3545729,
Normanhurst,Denman,Pde,Path,-33.72090894,151.0971516,
North Ryde,Delhi,Rd,Lift,-33.79457376,151.1378963,
North Strathfield,Queen,St,Stairs,-33.85916251,151.0885013,
North Sydney,Blue,St,Path,-33.84102219,151.2074984,
North Wollongong,Porter,St,Path,-34.41208744,150.8913264,
Norwest,Century,Circuit,Escalators,-33.73431131,150.9629162,
Noth Strathfield,Pomeroy,St,Ramp,-33.85755734,151.0873986,
Oak Flats,Stanford,Dr,Ramp,-34.57173048,150.8202085,
Oatley,Mulga,Rd,Lift,-33.980259,151.0787615,
Olympic Park,Park,St,Path,-33.8461115,151.070683,
Otford,Lady Carrington ,Rd,Ramp,-34.21072283,151.0055213,
Ourimbah,Station,St,Path,-33.35937321,151.3697352,
Paddy's Markets,Hay,St,Path,-33.87933704,151.2026206,
Padstow,Memorial,Dr,Stairs,-33.95170664,151.0319304,
Panania,Anderson,Ave,Ramp,-33.95413352,150.9982975,
Parramatta,Darcy,St,Lift,-33.81707893,151.0049168,
Paterson,Main,St,Stairs,-32.60237058,151.6147645,
Pendle Hill,Joyce,St,Path,-33.80130891,150.9558506,
Pennant Hills,Railway,St,Ramp,-33.73816108,151.0725647,
Penrith,Jane,St,Stairs,-33.75018886,150.6961967,
Penrose,Penrose,Rd,Path,-34.67230549,150.2122744,
Penshurst,Laycock,Rd,Stairs,-33.96631991,151.0887138,
Petersham,Trafalgar,St,Stairs,-33.89402275,151.1557675,
Picton,Prince,St,Stairs,-34.17968277,150.6127042,
Point Clare,Kurrawa,Ave,Stairs,-33.44630072,151.3285267,
Port Kembla,Old Port,Rd,Ramp,-34.47718852,150.9028567,
Port Kembla North,Flinders,St,Stairs,-34.47312925,150.8870415,
Punchbowl,Punchbowl,Rd,Stairs,-33.92525226,151.0555798,
Pymble,Pacific,Hwy,Stairs,-33.74498339,151.1421989,
Pyrmont Bay LR,Murray,St,Path,-33.86953485,151.197708,
Quakers Hill,Railway,Pde,Stairs,-33.72721417,150.8858872,
QVB LR,George,St,Path,-33.87157838,151.2068633,
Randwick LR,High,St,Path,-33.91719767,151.2410526,
Redfern,Gibbons,St,Path,-33.8920298,151.1995113,
Regents Park,Amy,St,Path,-33.8833513,151.0241784,
Revesby,Blamey,St,Lift,-33.95273626,151.0152327,
Rhodes,Walker,St,Stairs,-33.83064015,151.0868216,
Richmond,E Market,St,Stairs,-33.59877109,150.7523098,
Riverstone,Garfield,Rd W,Path,-33.67985685,150.8605208,
Riverwood,Belmore,Rd,Stairs,-33.95160087,151.0525497,
Rockdale,Geeves,Lane,Stairs,-33.9523035,151.1369871,
Rooty Hill,Beames,Ave,Ramp,-33.77201339,150.844247,
Rosehill,James Ruse,Dr,Ramp,-33.82308432,151.0218152,
Roseville,Hill,St,Ramp,-33.78434859,151.1778664,
Rouse Hill,Tempus,St,Lift,-33.69154816,150.9239461,
Royal Randwick LR,Alison,Rd,Path,-33.90508663,151.2283727,
Rozelle Bay LR,The Crescent,,Stairs,-33.8717488,151.1728699,
Rydalmere,Brodie,St,Path,-33.81015641,151.0294797,
Sandgate,Astra,St,Stairs,-32.87279417,151.7028016,
Scarborough,Railway,Ave,Stairs,-34.26551615,150.9651941,
Schofields,Railway,Tce,Stairs,-33.70418713,150.8739328,
Scone,Susan,St,Path,-32.04670656,150.8670728,
Sefton,Helen,St,Stairs,-33.88516069,151.0116714,
Seven Hills,Prospect,Hwy,Lift,-33.77407161,150.9360893,
Shellharbour,Piper,Dr,Stairs,-34.59128718,150.8446519,
Singleton,Munro,St,Path,-32.57183342,151.1654861,
Springwood,Macquarie ,Rd,Stairs,-33.69918984,150.5636973,
St James,James,Rd,Ramp,-33.87003326,151.2112893,
St Leonards,Sergeants,Lane,Lift,-33.82222391,151.1947607,
St Marys,Station,St,Stairs,-33.76231824,150.774872,
St Peters,Lord,St,Path,-33.90694267,151.1806495,
Stanmore,Trafalgar,St,Ramp,-33.89467603,151.1641571,
Stanwell Park,Railway,Cres,Stairs,-34.22618328,150.9812344,
Strathfield,Everton,Rd,Stairs,-33.87134403,151.0944811,
Summer Hill,Carlton,Cres,Stairs,-33.89044157,151.1386413,
Surry Hills LR,Devonshire,St,Path,-33.88764807,151.2109881,
Sutherland,East,Pde,Path,-34.0315567,151.0573425,
Sydenham,Gleeson,Ave,Lift,-33.91491191,151.1661011,
Tahmoor,George ,St,Path,-34.22358755,150.5902412,
Tallawong,Themeda,Ave,Escalators,-33.69163014,150.9060224,
Tallong,Railway,Pde,Path,-34.71837568,150.0860928,
Tarro,Woodberry ,Rd,Stairs,-32.80889516,151.6693728,
Tascott,Glenrock,Pde,Stairs,-33.45094989,151.3183448,
Taverners Hill LR,Parramatta ,Rd,Lift,-33.8895669,151.145176,
Telarah,Johnson,St,Ramp,-32.72323179,151.5398951,
Telopea,Adderton,Rd,Ramp,-33.79402152,151.0412637,
Tempe,Richardson,Cres,Stairs,-33.92358032,151.1564713,
Teralba,William,St,Path,-32.962727,151.6039263,
The Star LR,Pirrama,Rd,Path,-33.8672709,151.1957096,
Thirroul,Railway,Pde,Path,-34.31788392,150.918865,
Thornleigh,Railway,Pde,Path,-33.73207901,151.0783738,
Thornton,Karuah ,St,Lift,-32.78356119,151.6399551,
Toongabbie,Portice,Pde,Ramp,-33.78714281,150.9511669,
Town Hall,George,St,Stairs,-33.87416617,151.2066678,4
Town Hall LR,George,St,Path,-33.87386266,151.2067752,
Towradgi,Towradgi,Rd,Ramp,-34.38412652,150.9013586,
Tuggerah,Bryant,Dr,Ramp,-33.3077456,151.4204201,
Turramurra,Rohini,St,Path,-33.73258953,151.1290978,
Turrella,Reede,St,Stairs,-33.92977422,151.1404283,
Unanderra,Berkeley,Rd,Stairs,-34.45480327,150.8454954,
UNSW LR,High,St,Path,-33.91638284,151.2360806,
Valley Heights,Great Western,Hwy,Stairs,-33.70414867,150.5836892,
Victoria Street,Waller,St,Stairs,-32.75096544,151.5941378,
Villawood,Villawood,St,Stairs,-33.88092102,150.9773626,
Vineyard,Bandon,Rd,Ramp,-33.65018802,150.851063,
Wahroonga,Redleaf,Ave,Stairs,-33.71800187,151.1175185,
Waitara,Alexandria,Pde,Path,-33.71028639,151.105246,
Wallarobba,Wallarobba Brookfield,Rd,Ramp,-32.49615032,151.6956921,
Wansey LR,Alison,Rd,Path,-33.91105413,151.2355339,
Warabrook,Ring,Rd,Ramp,-32.88848678,151.709521,
Waratah,Platt,St,Stairs,-32.902354,151.7310238,
Waratah Mills LR,Weston,St,Path,-33.8988126,151.1398647,
Warnervale,Warnervale,Rd,Path,-33.2473843,151.4491366,
Warrawee,Warrawee,Ave,Path,-33.72439373,151.1220398,
Warrimoo,Railway,Pde,Stairs,-33.72132609,150.6029511,
Warwick Farm,Remembrance,Ave,Stairs,-33.91347354,150.9349611,
Waterfall,Kooraban,St,Ramp,-34.13517267,150.994605,
Waverton,Bay,Rd,Path,-33.83756728,151.1974683,
Wentworth Falls,Station,St,Stairs,-33.70952535,150.3761198,
Wentworth Park LR,Wattle,St,Ramp,-33.87506758,151.1935385,
Wentworthville,The Kingsway,,Stairs,-33.80725292,150.972304,
Werrington,Railway,St,Lift,-33.75920751,150.7574014,
West Ryde,Railway,Pde,Stairs,-33.80746637,151.0905793,
Westmead,Alexandria,Ave,Ramp,-33.80864182,150.9876577,
Wiley Park,King Georges ,Rd,Ramp,-33.92270486,151.0680185,
Windsor,Cox,St,Path,-33.61292723,150.8090296,
Wingello,Railway,Pde,Path,-34.69233579,150.1583818,
Wirragula,Dungog,Rd,Ramp,-32.46292679,151.7424687,
Wolli,Discovery Point,Pl,Lift,-33.92884985,151.1538917,
Wollongong,Station,St,Path,-34.42698795,150.8884363,
Wollstonecraft,Shirley,Rd,Ramp,-33.83245952,151.1921823,
Wombarra,Morrison,Ave,Stairs,-34.27530416,150.9535083,
Wondabyne,Wondabyne Wharf,,Ramp,-33.49202131,151.2571482,
Woodford,Railway,Pde,Stairs,-33.7357511,150.4821963,
Woolooware,Swan,St N,Stairs,-34.04741225,151.1437622,
Woonona,Park,Rd,Ramp,-34.34939351,150.9153897,
Woy Woy,Railway,St,Ramp,-33.48527377,151.3237255,
Wyee,Wyee,Rd,Ramp,-33.17984054,151.48724,
Wynyard,Napoleon,St,Path,-33.86524696,151.20397,
Wynyard LR,George,St,Path,-33.86670287,151.2070738,
Wyong,Howarth,St,Lift,-33.2853325,151.4255494,
Yagoona,Hume,Hwy,Path,-33.90733106,151.0246767,
Yennora,Railway,St,Ramp,-33.86502912,150.9707162,
Yerrinbool,Old Hume,Hwy,Path,-34.37159251,150.5434481,
